order_id,order_date,before_discount,discount,after_discount,payment_method,qty_ordered
1000,01-01-2022,1390.11,69.51,1320.6,Credit Card,1
1001,01-01-2022,2836.12,567.22,2268.9,Credit Card,4
1002,02-01-2022,514.42,0,514.42,Credit Card,5
1003,02-01-2022,2567.27,513.45,2053.82,Credit Card,6
1004,03-01-2022,2017.15,201.72,1815.43,Net Banking,1
1005,03-01-2022,3131.71,156.59,2975.12,UPI,3
1006,04-01-2022,1400.34,70.02,1330.32,Cash on Delivery,3
1007,05-01-2022,1692.33,169.23,1523.1,UPI,1
1008,05-01-2022,3027.03,605.41,2421.62,Credit Card,4
1009,05-01-2022,683.68,68.37,615.31,Net Banking,5
1010,06-01-2022,3587.63,358.76,3228.87,UPI,6
1011,06-01-2022,650.4,32.52,617.88,Net Banking,1
1012,06-01-2022,3479.14,0,3479.14,Debit Card,4
1013,07-01-2022,1732.65,86.63,1646.02,UPI,6
1014,08-01-2022,3771.96,0,3771.96,UPI,2
1015,09-01-2022,2064.14,206.41,1857.73,Cash on Delivery,6
1016,10-01-2022,2877.38,143.87,2733.51,UPI,1
1017,10-01-2022,1224.57,0,1224.57,Net Banking,4
1018,11-01-2022,3794.47,379.45,3415.02,Credit Card,4
1019,11-01-2022,1824.27,273.64,1550.63,Credit Card,2
1020,12-01-2022,1287.86,257.57,1030.29,UPI,6
1021,12-01-2022,2504.51,500.9,2003.61,Debit Card,2
1022,12-01-2022,3990.37,199.52,3790.85,UPI,1
1023,13-01-2022,950.23,47.51,902.72,Net Banking,4
1024,13-01-2022,2547.07,382.06,2165.01,Debit Card,4
1025,14-01-2022,2304.81,460.96,1843.85,Net Banking,1
1026,15-01-2022,3585.24,358.52,3226.72,Net Banking,3
1027,15-01-2022,801.59,120.24,681.35,Credit Card,1
1028,16-01-2022,3833.74,383.37,3450.37,Cash on Delivery,2
1029,17-01-2022,2651.08,530.22,2120.86,UPI,2
1030,18-01-2022,1746.09,87.3,1658.79,UPI,5
1031,18-01-2022,3706.58,741.32,2965.26,Debit Card,1
1032,19-01-2022,3947.16,394.72,3552.44,Credit Card,2
1033,19-01-2022,3560.83,0,3560.83,Credit Card,4
1034,19-01-2022,3337.68,667.54,2670.14,Net Banking,2
1035,20-01-2022,2775.1,555.02,2220.08,Credit Card,5
1036,20-01-2022,3540.76,531.11,3009.65,Cash on Delivery,5
1037,20-01-2022,3118.95,155.95,2963,UPI,4
1038,21-01-2022,1977.16,395.43,1581.73,Debit Card,2
1039,21-01-2022,1208.91,120.89,1088.02,Credit Card,5
1040,21-01-2022,1228.41,61.42,1166.99,Credit Card,6
1041,21-01-2022,2671.97,133.6,2538.37,Credit Card,1
1042,22-01-2022,3494.69,0,3494.69,UPI,3
1043,22-01-2022,2808.32,140.42,2667.9,UPI,6
1044,23-01-2022,2101.62,315.24,1786.38,Net Banking,2
1045,23-01-2022,739.57,110.94,628.63,Debit Card,4
1046,23-01-2022,2081.29,0,2081.29,UPI,6
1047,24-01-2022,754.3,113.14,641.16,UPI,1
1048,25-01-2022,2015.01,302.25,1712.76,Credit Card,4
1049,25-01-2022,1299.3,0,1299.3,Debit Card,5
1050,26-01-2022,752.47,150.49,601.98,Net Banking,1
1051,26-01-2022,3734.92,186.75,3548.17,Credit Card,4
1052,26-01-2022,2132.89,319.93,1812.96,Cash on Delivery,2
1053,27-01-2022,1354.73,203.21,1151.52,Debit Card,6
1054,28-01-2022,3846.34,769.27,3077.07,UPI,4
1055,28-01-2022,957.27,95.73,861.54,Credit Card,1
1056,28-01-2022,2485.05,497.01,1988.04,Credit Card,3
1057,28-01-2022,605.79,121.16,484.63,UPI,5
1058,29-01-2022,688.4,34.42,653.98,Credit Card,1
1059,29-01-2022,2830.77,141.54,2689.23,Debit Card,5
1060,29-01-2022,1286.38,257.28,1029.1,Credit Card,1
1061,29-01-2022,1909.21,381.84,1527.37,UPI,3
1062,30-01-2022,3764.94,188.25,3576.69,UPI,3
1063,30-01-2022,1259.27,188.89,1070.38,Credit Card,6
1064,30-01-2022,1479.99,148,1331.99,Cash on Delivery,1
1065,30-01-2022,433.54,86.71,346.83,Cash on Delivery,1
1066,31-01-2022,1354.72,135.47,1219.25,Cash on Delivery,2
1067,31-01-2022,1730.3,86.52,1643.78,Debit Card,5
1068,31-01-2022,2932.74,586.55,2346.19,Cash on Delivery,6
1069,01-02-2022,2160.17,432.03,1728.14,Debit Card,6
1070,01-02-2022,724.6,36.23,688.37,Credit Card,1
1071,02-02-2022,1325.93,66.3,1259.63,UPI,2
1072,02-02-2022,2695.3,269.53,2425.77,UPI,3
1073,03-02-2022,3430.51,0,3430.51,Credit Card,4
1074,04-02-2022,1500.75,75.04,1425.71,UPI,3
1075,04-02-2022,920.34,138.05,782.29,UPI,4
1076,05-02-2022,2268.06,0,2268.06,Credit Card,6
1077,06-02-2022,3191.76,638.35,2553.41,UPI,4
1078,06-02-2022,805.13,80.51,724.62,Debit Card,1
1079,06-02-2022,3408.87,170.44,3238.43,UPI,6
1080,07-02-2022,721.93,144.39,577.54,Cash on Delivery,4
1081,08-02-2022,3499.45,174.97,3324.48,Net Banking,2
1082,08-02-2022,3349.78,0,3349.78,Credit Card,3
1083,08-02-2022,3015.55,452.33,2563.22,Net Banking,6
1084,08-02-2022,3111.28,311.13,2800.15,Credit Card,6
1085,09-02-2022,739.82,0,739.82,Net Banking,2
1086,10-02-2022,1555.1,77.75,1477.35,Credit Card,6
1087,10-02-2022,1026.81,102.68,924.13,Credit Card,1
1088,10-02-2022,3638.25,363.83,3274.42,Debit Card,5
1089,11-02-2022,1723.91,344.78,1379.13,Debit Card,1
1090,11-02-2022,764.28,76.43,687.85,Credit Card,3
1091,11-02-2022,504.12,100.82,403.3,Debit Card,6
1092,11-02-2022,3029.2,454.38,2574.82,UPI,5
1093,12-02-2022,1016.52,0,1016.52,UPI,1
1094,12-02-2022,2129.73,425.95,1703.78,UPI,6
1095,12-02-2022,2862.5,143.12,2719.38,Debit Card,1
1096,12-02-2022,3577.45,357.75,3219.7,UPI,6
1097,13-02-2022,3237.05,323.71,2913.34,UPI,6
1098,13-02-2022,1753.33,263,1490.33,UPI,5
1099,13-02-2022,804.6,120.69,683.91,UPI,4
1100,14-02-2022,2452.36,245.24,2207.12,Debit Card,1
1101,15-02-2022,1400.58,70.03,1330.55,Debit Card,5
1102,16-02-2022,1866.03,93.3,1772.73,UPI,6
1103,17-02-2022,947.71,0,947.71,Debit Card,6
1104,18-02-2022,3137.18,156.86,2980.32,UPI,2
1105,19-02-2022,3097.15,154.86,2942.29,Credit Card,2
1106,20-02-2022,2968.65,445.3,2523.35,Debit Card,6
1107,20-02-2022,2317.89,347.68,1970.21,UPI,2
1108,20-02-2022,873.05,0,873.05,Cash on Delivery,1
1109,21-02-2022,3002.17,150.11,2852.06,Credit Card,6
1110,21-02-2022,2123.11,0,2123.11,UPI,1
1111,22-02-2022,2628.07,525.61,2102.46,UPI,4
1112,23-02-2022,2442.7,488.54,1954.16,Debit Card,5
1113,23-02-2022,1879.96,94,1785.96,UPI,4
1114,24-02-2022,3209.54,320.95,2888.59,Net Banking,5
1115,25-02-2022,2010.51,100.53,1909.98,Credit Card,1
1116,25-02-2022,2783.21,139.16,2644.05,Credit Card,3
1117,26-02-2022,884.05,132.61,751.44,UPI,6
1118,26-02-2022,1097.09,164.56,932.53,Debit Card,5
1119,27-02-2022,1947.49,0,1947.49,Credit Card,4
1120,28-02-2022,3567.96,0,3567.96,Net Banking,5
1121,01-03-2022,1879.96,0,1879.96,Cash on Delivery,3
1122,01-03-2022,3307.04,496.06,2810.98,UPI,6
1123,01-03-2022,2513.96,502.79,2011.17,Cash on Delivery,4
1124,02-03-2022,536.02,53.6,482.42,UPI,4
1125,02-03-2022,3194.99,479.25,2715.74,Cash on Delivery,5
1126,03-03-2022,2468.02,370.2,2097.82,UPI,6
1127,03-03-2022,528.67,79.3,449.37,Credit Card,4
1128,03-03-2022,1120.11,112.01,1008.1,Debit Card,2
1129,04-03-2022,3789.62,378.96,3410.66,UPI,4
1130,05-03-2022,1389.94,0,1389.94,UPI,6
1131,05-03-2022,2488.28,248.83,2239.45,Credit Card,1
1132,06-03-2022,3309.94,165.5,3144.44,Credit Card,1
1133,06-03-2022,2801.61,140.08,2661.53,Credit Card,6
1134,07-03-2022,862.54,43.13,819.41,UPI,3
1135,08-03-2022,2747.72,0,2747.72,Net Banking,2
1136,08-03-2022,4115.06,0,4115.06,UPI,3
1137,09-03-2022,2627.42,394.11,2233.31,Debit Card,6
1138,10-03-2022,3601.94,180.1,3421.84,Credit Card,3
1139,10-03-2022,3677.37,735.47,2941.9,Net Banking,5
1140,10-03-2022,3418.58,341.86,3076.72,UPI,6
1141,11-03-2022,1842.43,368.49,1473.94,UPI,1
1142,11-03-2022,3674.63,551.19,3123.44,Credit Card,3
1143,11-03-2022,2856.11,428.42,2427.69,UPI,4
1144,11-03-2022,1098.72,219.74,878.98,Cash on Delivery,3
1145,12-03-2022,3388,508.2,2879.8,Debit Card,6
1146,13-03-2022,2691.22,269.12,2422.1,Net Banking,1
1147,14-03-2022,3295.57,659.11,2636.46,UPI,4
1148,14-03-2022,1711.72,256.76,1454.96,Net Banking,2
1149,15-03-2022,2289.88,228.99,2060.89,Net Banking,3
1150,15-03-2022,1494.69,298.94,1195.75,UPI,3
1151,15-03-2022,2550.9,510.18,2040.72,Cash on Delivery,1
1152,16-03-2022,2548.55,127.43,2421.12,UPI,6
1153,16-03-2022,3147.8,472.17,2675.63,Net Banking,1
1154,17-03-2022,1550.45,232.57,1317.88,UPI,3
1155,17-03-2022,2964.65,296.47,2668.18,UPI,5
1156,17-03-2022,1739.87,347.97,1391.9,Debit Card,6
1157,18-03-2022,1306.81,65.34,1241.47,Debit Card,6
1158,19-03-2022,2474.68,123.73,2350.95,Credit Card,6
1159,19-03-2022,2277.06,455.41,1821.65,Cash on Delivery,5
1160,20-03-2022,3609.8,360.98,3248.82,Credit Card,2
1161,21-03-2022,1581.17,316.23,1264.94,Credit Card,1
1162,22-03-2022,3092.62,154.63,2937.99,UPI,4
1163,22-03-2022,817.4,0,817.4,UPI,4
1164,22-03-2022,2256.08,225.61,2030.47,Credit Card,1
1165,22-03-2022,1390.73,208.61,1182.12,Credit Card,1
1166,23-03-2022,1957.71,0,1957.71,UPI,6
1167,23-03-2022,630.05,31.5,598.55,Net Banking,3
1168,24-03-2022,2559.63,383.94,2175.69,UPI,5
1169,24-03-2022,1288.25,257.65,1030.6,Debit Card,4
1170,24-03-2022,1562.38,312.48,1249.9,Cash on Delivery,3
1171,25-03-2022,2600.01,0,2600.01,UPI,6
1172,25-03-2022,804.57,40.23,764.34,UPI,3
1173,25-03-2022,2951.14,147.56,2803.58,Credit Card,5
1174,26-03-2022,2148.18,429.64,1718.54,UPI,1
1175,26-03-2022,1310.4,131.04,1179.36,UPI,4
1176,27-03-2022,697.26,34.86,662.4,Cash on Delivery,6
1177,27-03-2022,2680.95,134.05,2546.9,Debit Card,5
1178,28-03-2022,1441.04,72.05,1368.99,Credit Card,2
1179,28-03-2022,3456.8,691.36,2765.44,UPI,5
1180,29-03-2022,3948.56,592.28,3356.28,Credit Card,6
1181,29-03-2022,1588.15,238.22,1349.93,Cash on Delivery,5
1182,29-03-2022,2490.43,373.56,2116.87,Credit Card,1
1183,30-03-2022,2734.2,0,2734.2,Credit Card,6
1184,30-03-2022,3622.54,724.51,2898.03,UPI,1
1185,30-03-2022,4248.36,424.84,3823.52,UPI,2
1186,30-03-2022,2224.67,333.7,1890.97,Cash on Delivery,2
1187,31-03-2022,4238.32,635.75,3602.57,UPI,4
1188,01-04-2022,2103.81,210.38,1893.43,UPI,2
1189,01-04-2022,1785.7,267.86,1517.84,Debit Card,4
1190,01-04-2022,3744.94,748.99,2995.95,Credit Card,1
1191,01-04-2022,1723.79,172.38,1551.41,Credit Card,4
1192,02-04-2022,3952.89,0,3952.89,UPI,5
1193,02-04-2022,2321,0,2321,Credit Card,3
1194,03-04-2022,2240.27,0,2240.27,Credit Card,5
1195,04-04-2022,980.6,98.06,882.54,Debit Card,6
1196,05-04-2022,3001.59,150.08,2851.51,UPI,3
1197,05-04-2022,2680.9,536.18,2144.72,Debit Card,2
1198,06-04-2022,4468.64,0,4468.64,UPI,1
1199,06-04-2022,3073.22,153.66,2919.56,UPI,6
1200,07-04-2022,2132.74,319.91,1812.83,Cash on Delivery,2
1201,07-04-2022,2299.99,115,2184.99,Debit Card,5
1202,08-04-2022,2508.38,125.42,2382.96,Net Banking,3
1203,08-04-2022,3579.33,536.9,3042.43,Debit Card,5
1204,08-04-2022,1532.05,0,1532.05,Debit Card,3
1205,08-04-2022,3841.78,768.36,3073.42,Cash on Delivery,4
1206,09-04-2022,2411.58,241.16,2170.42,UPI,5
1207,09-04-2022,1977.7,197.77,1779.93,Net Banking,6
1208,09-04-2022,1417.16,212.57,1204.59,Credit Card,4
1209,10-04-2022,626.77,94.02,532.75,UPI,4
1210,11-04-2022,3774.03,188.7,3585.33,UPI,1
1211,12-04-2022,961.3,192.26,769.04,Debit Card,1
1212,12-04-2022,3990.47,598.57,3391.9,Credit Card,4
1213,12-04-2022,512.16,25.61,486.55,Debit Card,6
1214,13-04-2022,3615.18,361.52,3253.66,Debit Card,6
1215,13-04-2022,2059.81,0,2059.81,Net Banking,6
1216,13-04-2022,3930.34,589.55,3340.79,Cash on Delivery,6
1217,14-04-2022,3360.81,504.12,2856.69,Net Banking,1
1218,14-04-2022,2950.71,147.54,2803.17,UPI,3
1219,15-04-2022,2207.58,0,2207.58,Net Banking,6
1220,15-04-2022,3983.95,597.59,3386.36,Credit Card,3
1221,15-04-2022,4108.87,0,4108.87,Debit Card,1
1222,15-04-2022,1638.14,163.81,1474.33,Debit Card,2
1223,16-04-2022,2601.22,520.24,2080.98,UPI,2
1224,16-04-2022,1138.43,0,1138.43,UPI,4
1225,17-04-2022,4146.96,207.35,3939.61,Credit Card,6
1226,17-04-2022,1478.61,147.86,1330.75,UPI,4
1227,18-04-2022,4099.9,819.98,3279.92,Credit Card,4
1228,18-04-2022,4278.2,855.64,3422.56,Debit Card,4
1229,19-04-2022,1673.59,251.04,1422.55,Net Banking,1
1230,19-04-2022,1410.68,282.14,1128.54,Debit Card,3
1231,20-04-2022,4470.4,447.04,4023.36,Credit Card,6
1232,21-04-2022,3953.52,0,3953.52,Cash on Delivery,6
1233,21-04-2022,2461.75,246.18,2215.57,Net Banking,2
1234,22-04-2022,2908.61,290.86,2617.75,Credit Card,2
1235,22-04-2022,2964.61,148.23,2816.38,UPI,6
1236,23-04-2022,2235.33,447.07,1788.26,Debit Card,2
1237,23-04-2022,815.04,81.5,733.54,Debit Card,4
1238,24-04-2022,1161.34,58.07,1103.27,Net Banking,3
1239,25-04-2022,3813.41,381.34,3432.07,Cash on Delivery,4
1240,26-04-2022,4367.91,436.79,3931.12,UPI,3
1241,26-04-2022,3707.14,556.07,3151.07,Cash on Delivery,2
1242,27-04-2022,3189.11,478.37,2710.74,Cash on Delivery,5
1243,27-04-2022,1931.39,289.71,1641.68,Credit Card,5
1244,28-04-2022,950.53,95.05,855.48,UPI,6
1245,29-04-2022,3036.12,303.61,2732.51,Credit Card,2
1246,29-04-2022,2359.48,471.9,1887.58,Cash on Delivery,5
1247,30-04-2022,1778.43,355.69,1422.74,Credit Card,1
1248,30-04-2022,3023.39,453.51,2569.88,Cash on Delivery,3
1249,30-04-2022,3079.42,0,3079.42,Credit Card,1
1250,01-05-2022,890.5,178.1,712.4,Credit Card,4
1251,01-05-2022,2061.07,412.21,1648.86,Debit Card,6
1252,02-05-2022,3581.21,537.18,3044.03,UPI,4
1253,02-05-2022,3106.91,310.69,2796.22,Credit Card,3
1254,02-05-2022,1403.83,210.57,1193.26,Cash on Delivery,3
1255,02-05-2022,899.74,89.97,809.77,UPI,6
1256,03-05-2022,1286.43,0,1286.43,Cash on Delivery,4
1257,03-05-2022,866.9,43.34,823.56,UPI,5
1258,04-05-2022,4626.42,0,4626.42,Net Banking,2
1259,04-05-2022,4702.21,940.44,3761.77,Credit Card,5
1260,04-05-2022,1360.6,68.03,1292.57,Net Banking,2
1261,05-05-2022,4324.77,0,4324.77,Credit Card,2
1262,05-05-2022,4696.68,939.34,3757.34,Credit Card,2
1263,06-05-2022,944.94,0,944.94,Credit Card,3
1264,06-05-2022,3852.18,192.61,3659.57,UPI,1
1265,06-05-2022,1219.9,0,1219.9,Credit Card,4
1266,07-05-2022,2510.95,251.09,2259.86,UPI,1
1267,08-05-2022,2407.32,120.37,2286.95,Cash on Delivery,1
1268,08-05-2022,3583.96,716.79,2867.17,Debit Card,6
1269,09-05-2022,2522.65,378.4,2144.25,Debit Card,1
1270,09-05-2022,2570.9,385.63,2185.27,Credit Card,1
1271,09-05-2022,1852.03,92.6,1759.43,Credit Card,3
1272,10-05-2022,3143.96,628.79,2515.17,UPI,3
1273,10-05-2022,2103.37,420.67,1682.7,UPI,4
1274,11-05-2022,3865.49,0,3865.49,Net Banking,6
1275,12-05-2022,4227.19,845.44,3381.75,UPI,2
1276,12-05-2022,2313.55,115.68,2197.87,Debit Card,4
1277,13-05-2022,1811.14,181.11,1630.03,UPI,3
1278,14-05-2022,4551.61,682.74,3868.87,Credit Card,1
1279,14-05-2022,873.56,0,873.56,UPI,3
1280,14-05-2022,3945.31,789.06,3156.25,Credit Card,5
1281,14-05-2022,2876.2,0,2876.2,Debit Card,6
1282,15-05-2022,4390.23,0,4390.23,Cash on Delivery,5
1283,15-05-2022,1810.72,0,1810.72,UPI,2
1284,15-05-2022,1136.47,170.47,966,Credit Card,1
1285,15-05-2022,1971.74,394.35,1577.39,Debit Card,3
1286,16-05-2022,2929.28,439.39,2489.89,Net Banking,5
1287,16-05-2022,3098.03,619.61,2478.42,Credit Card,6
1288,17-05-2022,1246.28,124.63,1121.65,Cash on Delivery,3
1289,17-05-2022,501.1,25.06,476.04,UPI,4
1290,17-05-2022,772.48,0,772.48,Credit Card,5
1291,18-05-2022,1394.69,209.2,1185.49,Debit Card,2
1292,18-05-2022,2056.98,205.7,1851.28,Net Banking,5
1293,19-05-2022,1140.1,228.02,912.08,Credit Card,1
1294,20-05-2022,1638.24,245.74,1392.5,UPI,4
1295,21-05-2022,2665.28,266.53,2398.75,Debit Card,3
1296,21-05-2022,3374.38,674.88,2699.5,UPI,6
1297,22-05-2022,1793.49,89.67,1703.82,Debit Card,5
1298,22-05-2022,709.19,35.46,673.73,Debit Card,2
1299,22-05-2022,3755.42,375.54,3379.88,Debit Card,1
1300,23-05-2022,1226.1,183.91,1042.19,UPI,2
1301,23-05-2022,2613.62,261.36,2352.26,Credit Card,6
1302,23-05-2022,655.84,0,655.84,Debit Card,1
1303,23-05-2022,4160.52,832.1,3328.42,Debit Card,4
1304,24-05-2022,3508.11,526.22,2981.89,Debit Card,4
1305,24-05-2022,564.16,56.42,507.74,Credit Card,5
1306,25-05-2022,2021.92,303.29,1718.63,Net Banking,2
1307,26-05-2022,2337.52,350.63,1986.89,UPI,4
1308,26-05-2022,4196.49,419.65,3776.84,Credit Card,2
1309,26-05-2022,801.52,0,801.52,UPI,2
1310,27-05-2022,3584.55,179.23,3405.32,Credit Card,2
1311,27-05-2022,1569.26,78.46,1490.8,UPI,6
1312,27-05-2022,797.14,119.57,677.57,UPI,5
1313,28-05-2022,3723.47,558.52,3164.95,UPI,5
1314,28-05-2022,3223.79,644.76,2579.03,Debit Card,6
1315,29-05-2022,2479.64,247.96,2231.68,Net Banking,5
1316,29-05-2022,715.14,143.03,572.11,Credit Card,4
1317,30-05-2022,2406.93,0,2406.93,Debit Card,3
1318,30-05-2022,803.03,0,803.03,UPI,5
1319,30-05-2022,2118.66,423.73,1694.93,UPI,6
1320,30-05-2022,4304.87,645.73,3659.14,Cash on Delivery,5
1321,31-05-2022,2508.31,125.42,2382.89,Cash on Delivery,4
1322,31-05-2022,917.47,91.75,825.72,Cash on Delivery,1
1323,01-06-2022,2770.47,138.52,2631.95,Credit Card,6
1324,01-06-2022,2469.91,370.49,2099.42,UPI,5
1325,02-06-2022,1773.02,265.95,1507.07,Net Banking,6
1326,02-06-2022,3190.49,319.05,2871.44,Credit Card,1
1327,02-06-2022,3010.83,451.62,2559.21,Debit Card,6
1328,03-06-2022,4332.05,866.41,3465.64,Net Banking,3
1329,03-06-2022,866.76,43.34,823.42,Cash on Delivery,3
1330,03-06-2022,4854.63,728.19,4126.44,Credit Card,6
1331,04-06-2022,2195.06,219.51,1975.55,Net Banking,6
1332,04-06-2022,3662.74,732.55,2930.19,Credit Card,6
1333,04-06-2022,2405.33,240.53,2164.8,Credit Card,3
1334,05-06-2022,1311.18,65.56,1245.62,Debit Card,4
1335,05-06-2022,1364.02,68.2,1295.82,Credit Card,3
1336,06-06-2022,3968.94,793.79,3175.15,Credit Card,3
1337,06-06-2022,4443.77,888.75,3555.02,Credit Card,4
1338,06-06-2022,1194.14,59.71,1134.43,Net Banking,5
1339,07-06-2022,4140.7,207.03,3933.67,UPI,1
1340,07-06-2022,2348.86,117.44,2231.42,Cash on Delivery,5
1341,08-06-2022,2520.18,504.04,2016.14,Credit Card,4
1342,08-06-2022,4567.88,228.39,4339.49,Debit Card,5
1343,09-06-2022,4929.98,739.5,4190.48,Net Banking,4
1344,09-06-2022,2763.08,414.46,2348.62,Cash on Delivery,2
1345,09-06-2022,4105.67,205.28,3900.39,Net Banking,1
1346,09-06-2022,3385.31,338.53,3046.78,UPI,1
1347,10-06-2022,1061.05,0,1061.05,Net Banking,3
1348,10-06-2022,2521.94,504.39,2017.55,Credit Card,4
1349,11-06-2022,912.71,45.64,867.07,Net Banking,3
1350,12-06-2022,2284.04,228.4,2055.64,Credit Card,1
1351,12-06-2022,2187.11,0,2187.11,Debit Card,1
1352,12-06-2022,4276.29,427.63,3848.66,Net Banking,2
1353,12-06-2022,672.36,100.85,571.51,UPI,2
1354,13-06-2022,3914.79,587.22,3327.57,Debit Card,1
1355,13-06-2022,4576.36,0,4576.36,Credit Card,2
1356,14-06-2022,2874.97,0,2874.97,Net Banking,2
1357,15-06-2022,1855.18,0,1855.18,Credit Card,6
1358,15-06-2022,4072.55,610.88,3461.67,Credit Card,4
1359,16-06-2022,2819.19,140.96,2678.23,UPI,3
1360,16-06-2022,2431.58,486.32,1945.26,Debit Card,5
1361,17-06-2022,2374.55,0,2374.55,UPI,3
1362,17-06-2022,804.56,160.91,643.65,UPI,5
1363,18-06-2022,2615.61,392.34,2223.27,Cash on Delivery,3
1364,19-06-2022,3862.92,386.29,3476.63,Net Banking,3
1365,19-06-2022,1585.07,0,1585.07,Net Banking,6
1366,20-06-2022,2085.35,208.53,1876.82,Net Banking,2
1367,20-06-2022,4236.73,635.51,3601.22,Cash on Delivery,4
1368,20-06-2022,3342.81,167.14,3175.67,Credit Card,4
1369,21-06-2022,666.43,33.32,633.11,Credit Card,2
1370,21-06-2022,4486.06,448.61,4037.45,Cash on Delivery,5
1371,22-06-2022,2630.3,0,2630.3,UPI,2
1372,23-06-2022,1787.5,0,1787.5,Net Banking,3
1373,23-06-2022,1729.47,172.95,1556.52,Debit Card,4
1374,23-06-2022,3844.88,576.73,3268.15,Debit Card,2
1375,23-06-2022,2732.91,409.94,2322.97,Debit Card,5
1376,24-06-2022,2410.25,361.54,2048.71,UPI,2
1377,24-06-2022,2954.63,295.46,2659.17,Credit Card,3
1378,25-06-2022,3474.14,347.41,3126.73,Debit Card,6
1379,25-06-2022,2417.52,362.63,2054.89,Debit Card,1
1380,25-06-2022,3770.66,377.07,3393.59,UPI,4
1381,26-06-2022,4765.57,0,4765.57,UPI,4
1382,26-06-2022,2134.9,106.75,2028.15,Cash on Delivery,2
1383,27-06-2022,4319.01,647.85,3671.16,Credit Card,1
1384,27-06-2022,1561.98,156.2,1405.78,Debit Card,5
1385,27-06-2022,645.73,32.29,613.44,UPI,3
1386,27-06-2022,2174.06,0,2174.06,UPI,5
1387,27-06-2022,2151.27,215.13,1936.14,UPI,2
1388,27-06-2022,4822.34,0,4822.34,UPI,4
1389,28-06-2022,1029.92,102.99,926.93,UPI,2
1390,29-06-2022,4983.64,498.36,4485.28,UPI,4
1391,29-06-2022,1400.8,70.04,1330.76,Net Banking,4
1392,30-06-2022,4987.68,498.77,4488.91,UPI,6
1393,30-06-2022,792.23,158.45,633.78,Debit Card,3
1394,30-06-2022,4331.13,216.56,4114.57,Net Banking,5
1395,01-07-2022,1433.63,71.68,1361.95,Net Banking,2
1396,01-07-2022,3853.84,0,3853.84,Debit Card,5
1397,01-07-2022,2052.1,410.42,1641.68,Credit Card,1
1398,01-07-2022,756.07,113.41,642.66,Cash on Delivery,6
1399,02-07-2022,2225.33,445.07,1780.26,Credit Card,3
1400,03-07-2022,3221,483.15,2737.85,UPI,5
1401,03-07-2022,1947.8,389.56,1558.24,UPI,2
1402,03-07-2022,3757.27,187.86,3569.41,Debit Card,1
1403,04-07-2022,1775.13,88.76,1686.37,Debit Card,6
1404,04-07-2022,1438.89,287.78,1151.11,Cash on Delivery,1
1405,04-07-2022,1546.34,309.27,1237.07,Credit Card,6
1406,05-07-2022,1769.58,353.92,1415.66,Credit Card,6
1407,06-07-2022,1134.18,226.84,907.34,UPI,5
1408,06-07-2022,1918.32,383.66,1534.66,Credit Card,1
1409,06-07-2022,822.23,164.45,657.78,Credit Card,2
1410,06-07-2022,3753.75,563.06,3190.69,UPI,1
1411,07-07-2022,2604.11,520.82,2083.29,Debit Card,3
1412,07-07-2022,2539.59,380.94,2158.65,Debit Card,1
1413,07-07-2022,3418.82,170.94,3247.88,Debit Card,4
1414,07-07-2022,2460.49,246.05,2214.44,UPI,3
1415,07-07-2022,4157.85,415.79,3742.06,UPI,3
1416,08-07-2022,2059.06,411.81,1647.25,Credit Card,2
1417,08-07-2022,2469.17,246.92,2222.25,Debit Card,2
1418,08-07-2022,888.87,88.89,799.98,Cash on Delivery,5
1419,09-07-2022,2262.53,113.13,2149.4,Net Banking,5
1420,09-07-2022,3557.82,177.89,3379.93,Net Banking,4
1421,10-07-2022,4233.05,634.96,3598.09,Credit Card,4
1422,10-07-2022,2635.78,131.79,2503.99,Credit Card,3
1423,10-07-2022,683.01,68.3,614.71,UPI,6
1424,10-07-2022,3350.03,335,3015.03,UPI,1
1425,11-07-2022,2317.22,231.72,2085.5,UPI,4
1426,11-07-2022,2039.38,305.91,1733.47,Credit Card,5
1427,12-07-2022,789.35,157.87,631.48,Debit Card,5
1428,12-07-2022,1670.81,334.16,1336.65,UPI,1
1429,12-07-2022,1025.04,0,1025.04,Debit Card,3
1430,13-07-2022,2859.73,285.97,2573.76,UPI,2
1431,13-07-2022,3050.53,457.58,2592.95,UPI,1
1432,13-07-2022,641.36,64.14,577.22,Net Banking,5
1433,13-07-2022,2428.63,485.73,1942.9,Cash on Delivery,2
1434,14-07-2022,1169.7,233.94,935.76,UPI,3
1435,14-07-2022,3013.17,602.63,2410.54,Net Banking,5
1436,15-07-2022,2569.09,513.82,2055.27,Debit Card,1
1437,15-07-2022,2049.73,0,2049.73,Cash on Delivery,5
1438,15-07-2022,1790.32,0,1790.32,UPI,3
1439,15-07-2022,4609.23,921.85,3687.38,UPI,6
1440,16-07-2022,2716.09,543.22,2172.87,Net Banking,4
1441,16-07-2022,1106.74,55.34,1051.4,Credit Card,6
1442,16-07-2022,944.8,0,944.8,Debit Card,4
1443,16-07-2022,1122.37,56.12,1066.25,Debit Card,5
1444,17-07-2022,4410.23,0,4410.23,UPI,5
1445,17-07-2022,1361.39,136.14,1225.25,Cash on Delivery,4
1446,17-07-2022,2721.41,272.14,2449.27,Cash on Delivery,4
1447,18-07-2022,1989.58,198.96,1790.62,UPI,2
1448,18-07-2022,4567.62,456.76,4110.86,UPI,2
1449,18-07-2022,4499.85,449.99,4049.86,Net Banking,6
1450,19-07-2022,1361.11,204.17,1156.94,Debit Card,3
1451,19-07-2022,2871.08,287.11,2583.97,Debit Card,5
1452,20-07-2022,4665.19,466.52,4198.67,Cash on Delivery,2
1453,20-07-2022,1716.69,171.67,1545.02,Cash on Delivery,1
1454,21-07-2022,1955.7,293.36,1662.34,UPI,6
1455,22-07-2022,2777.42,555.48,2221.94,UPI,2
1456,22-07-2022,941.94,188.39,753.55,Credit Card,1
1457,23-07-2022,3338.54,667.71,2670.83,Credit Card,2
1458,23-07-2022,699.4,104.91,594.49,Debit Card,4
1459,24-07-2022,497.15,99.43,397.72,Cash on Delivery,2
1460,24-07-2022,2214.53,332.18,1882.35,UPI,2
1461,24-07-2022,3706.52,370.65,3335.87,Debit Card,6
1462,24-07-2022,727.92,0,727.92,UPI,2
1463,25-07-2022,2762.78,0,2762.78,Cash on Delivery,2
1464,25-07-2022,2261.46,113.07,2148.39,Cash on Delivery,1
1465,25-07-2022,4737.91,710.69,4027.22,Net Banking,2
1466,25-07-2022,4479,447.9,4031.1,Net Banking,1
1467,26-07-2022,4444.14,444.41,3999.73,Debit Card,6
1468,26-07-2022,2797.61,419.64,2377.97,Cash on Delivery,2
1469,27-07-2022,4113.28,616.99,3496.29,Credit Card,1
1470,27-07-2022,1888.67,283.3,1605.37,UPI,6
1471,27-07-2022,1271,127.1,1143.9,Net Banking,5
1472,27-07-2022,3358.06,167.9,3190.16,Credit Card,6
1473,28-07-2022,2677.82,0,2677.82,Debit Card,1
1474,28-07-2022,1264.94,63.25,1201.69,UPI,2
1475,28-07-2022,504.2,75.63,428.57,Credit Card,3
1476,28-07-2022,4553.5,455.35,4098.15,UPI,5
1477,29-07-2022,523.89,52.39,471.5,UPI,1
1478,30-07-2022,1157.79,231.56,926.23,Cash on Delivery,6
1479,30-07-2022,3766.07,0,3766.07,UPI,3
1480,31-07-2022,2046.25,102.31,1943.94,Credit Card,2
1481,01-08-2022,4949.77,494.98,4454.79,Debit Card,5
1482,02-08-2022,4607.59,921.52,3686.07,Net Banking,2
1483,02-08-2022,3928.37,785.67,3142.7,Net Banking,1
1484,02-08-2022,2864.78,572.96,2291.82,UPI,1
1485,03-08-2022,4229.48,845.9,3383.58,Credit Card,5
1486,03-08-2022,1174.34,117.43,1056.91,Net Banking,4
1487,03-08-2022,1023.08,51.15,971.93,UPI,4
1488,04-08-2022,909.24,181.85,727.39,Debit Card,1
1489,04-08-2022,2540.45,508.09,2032.36,Debit Card,5
1490,05-08-2022,4131.12,0,4131.12,Debit Card,1
1491,05-08-2022,3856.12,771.22,3084.9,Credit Card,4
1492,05-08-2022,2050.38,0,2050.38,UPI,1
1493,05-08-2022,4705.62,0,4705.62,Cash on Delivery,4
1494,06-08-2022,642.81,96.42,546.39,Credit Card,2
1495,06-08-2022,3946.22,591.93,3354.29,Debit Card,4
1496,06-08-2022,2518.42,377.76,2140.66,Debit Card,6
1497,07-08-2022,1098.45,109.85,988.6,Credit Card,5
1498,07-08-2022,2268.76,113.44,2155.32,UPI,2
1499,07-08-2022,4256.7,0,4256.7,Cash on Delivery,4
1500,07-08-2022,3530.75,706.15,2824.6,Debit Card,4
1501,07-08-2022,4205.12,210.26,3994.86,UPI,2
1502,08-08-2022,1740.42,0,1740.42,Credit Card,6
1503,08-08-2022,2386.58,0,2386.58,Credit Card,1
1504,09-08-2022,3190.03,0,3190.03,Credit Card,1
1505,09-08-2022,2310.19,115.51,2194.68,UPI,1
1506,09-08-2022,1130.61,113.06,1017.55,Credit Card,6
1507,10-08-2022,3092.5,618.5,2474,UPI,6
1508,10-08-2022,4182.72,209.14,3973.58,Debit Card,2
1509,10-08-2022,4935.63,987.13,3948.5,Credit Card,3
1510,11-08-2022,3162.5,158.12,3004.38,UPI,4
1511,11-08-2022,3001.33,0,3001.33,Cash on Delivery,6
1512,12-08-2022,3521.04,704.21,2816.83,Debit Card,4
1513,12-08-2022,2337.17,233.72,2103.45,Debit Card,5
1514,12-08-2022,2630.83,131.54,2499.29,Debit Card,6
1515,12-08-2022,1149.58,172.44,977.14,Cash on Delivery,5
1516,13-08-2022,2884.96,432.74,2452.22,Credit Card,2
1517,14-08-2022,1986.18,0,1986.18,Cash on Delivery,3
1518,14-08-2022,916.09,45.8,870.29,Credit Card,4
1519,14-08-2022,3531.52,706.3,2825.22,Credit Card,1
1520,15-08-2022,3759.37,751.87,3007.5,Credit Card,2
1521,15-08-2022,4412.63,441.26,3971.37,Debit Card,1
1522,15-08-2022,1453.13,72.66,1380.47,Cash on Delivery,1
1523,16-08-2022,3860.96,579.14,3281.82,Cash on Delivery,6
1524,16-08-2022,3219.81,160.99,3058.82,Debit Card,2
1525,16-08-2022,2984.36,298.44,2685.92,Debit Card,5
1526,16-08-2022,3419.25,341.93,3077.32,Credit Card,5
1527,17-08-2022,4112.67,616.9,3495.77,Net Banking,3
1528,17-08-2022,4614.49,461.45,4153.04,Debit Card,1
1529,17-08-2022,3031.36,151.57,2879.79,UPI,1
1530,18-08-2022,1673.48,334.7,1338.78,UPI,4
1531,18-08-2022,1828.37,91.42,1736.95,Debit Card,4
1532,19-08-2022,2977.89,297.79,2680.1,Credit Card,4
1533,19-08-2022,4849.29,727.39,4121.9,UPI,6
1534,20-08-2022,4077.39,203.87,3873.52,Credit Card,5
1535,20-08-2022,2697.42,539.48,2157.94,Cash on Delivery,1
1536,21-08-2022,834.49,0,834.49,Net Banking,4
1537,22-08-2022,1118.71,55.94,1062.77,Credit Card,2
1538,22-08-2022,541.14,108.23,432.91,Debit Card,1
1539,23-08-2022,3274.34,491.15,2783.19,UPI,1
1540,24-08-2022,529.76,105.95,423.81,Debit Card,1
1541,25-08-2022,4898.66,0,4898.66,UPI,6
1542,25-08-2022,3533.15,176.66,3356.49,Credit Card,1
1543,26-08-2022,2859.73,142.99,2716.74,Credit Card,5
1544,26-08-2022,1635.88,163.59,1472.29,Credit Card,4
1545,27-08-2022,2565.49,128.27,2437.22,Cash on Delivery,2
1546,27-08-2022,1849.89,0,1849.89,UPI,6
1547,27-08-2022,3918.14,0,3918.14,Debit Card,4
1548,27-08-2022,2987.16,0,2987.16,UPI,6
1549,27-08-2022,1271.23,190.68,1080.55,Net Banking,6
1550,28-08-2022,4029.69,805.94,3223.75,Cash on Delivery,1
1551,28-08-2022,4526.56,0,4526.56,Credit Card,6
1552,28-08-2022,4493.99,674.1,3819.89,Credit Card,1
1553,28-08-2022,3579.93,357.99,3221.94,Cash on Delivery,5
1554,29-08-2022,4326.92,0,4326.92,Cash on Delivery,5
1555,29-08-2022,1148.86,172.33,976.53,Cash on Delivery,3
1556,30-08-2022,1231.03,61.55,1169.48,UPI,4
1557,30-08-2022,3546.66,709.33,2837.33,Debit Card,6
1558,31-08-2022,3758.74,751.75,3006.99,UPI,3
1559,31-08-2022,741.63,111.24,630.39,Credit Card,1
1560,31-08-2022,2032.67,406.53,1626.14,Cash on Delivery,4
1561,31-08-2022,4860.14,486.01,4374.13,Credit Card,3
1562,31-08-2022,4025.97,603.9,3422.07,UPI,3
1563,01-09-2022,3287.54,493.13,2794.41,Debit Card,6
1564,01-09-2022,3450.08,517.51,2932.57,Credit Card,5
1565,01-09-2022,2012.13,100.61,1911.52,UPI,1
1566,01-09-2022,1876.46,281.47,1594.99,UPI,6
1567,01-09-2022,1313.67,197.05,1116.62,Debit Card,1
1568,01-09-2022,1003.03,100.3,902.73,Debit Card,3
1569,02-09-2022,2683.35,536.67,2146.68,UPI,4
1570,02-09-2022,1061.3,0,1061.3,Debit Card,1
1571,02-09-2022,3504.78,350.48,3154.3,Net Banking,1
1572,03-09-2022,1994.64,299.2,1695.44,Net Banking,6
1573,03-09-2022,5010.62,250.53,4760.09,UPI,2
1574,03-09-2022,3942.31,197.12,3745.19,Credit Card,3
1575,04-09-2022,1377.68,137.77,1239.91,Debit Card,4
1576,04-09-2022,4424.2,442.42,3981.78,Credit Card,2
1577,04-09-2022,4118.45,617.77,3500.68,UPI,2
1578,05-09-2022,2816.42,140.82,2675.6,Debit Card,4
1579,05-09-2022,2194.48,438.9,1755.58,Debit Card,3
1580,05-09-2022,2729.1,409.36,2319.74,Net Banking,6
1581,06-09-2022,2137.29,106.86,2030.43,UPI,2
1582,06-09-2022,5324.64,532.46,4792.18,Debit Card,6
1583,06-09-2022,3682.87,736.57,2946.3,Net Banking,3
1584,07-09-2022,2411.47,361.72,2049.75,Debit Card,5
1585,07-09-2022,1539.01,307.8,1231.21,Credit Card,5
1586,07-09-2022,683.23,102.48,580.75,Cash on Delivery,2
1587,08-09-2022,3979.53,596.93,3382.6,UPI,2
1588,08-09-2022,3685.01,184.25,3500.76,Credit Card,2
1589,09-09-2022,4090.42,613.56,3476.86,Credit Card,5
1590,09-09-2022,2922.21,438.33,2483.88,UPI,6
1591,09-09-2022,2620.59,0,2620.59,Net Banking,3
1592,10-09-2022,3489.41,0,3489.41,Credit Card,2
1593,10-09-2022,3805.13,380.51,3424.62,Credit Card,5
1594,11-09-2022,769.27,115.39,653.88,Cash on Delivery,3
1595,12-09-2022,602.21,60.22,541.99,Credit Card,6
1596,12-09-2022,3118.05,623.61,2494.44,UPI,2
1597,12-09-2022,2756.6,413.49,2343.11,UPI,6
1598,12-09-2022,3463.52,692.7,2770.82,Credit Card,1
1599,13-09-2022,2939.72,293.97,2645.75,Debit Card,1
1600,13-09-2022,1124.54,56.23,1068.31,Debit Card,3
1601,13-09-2022,2803.9,140.2,2663.7,UPI,3
1602,14-09-2022,3998.98,399.9,3599.08,Credit Card,1
1603,14-09-2022,4560.42,0,4560.42,Credit Card,3
1604,15-09-2022,3757.45,187.87,3569.58,Cash on Delivery,6
1605,15-09-2022,1757.37,87.87,1669.5,UPI,3
1606,15-09-2022,3321.25,498.19,2823.06,Credit Card,4
1607,16-09-2022,3803.67,570.55,3233.12,Credit Card,5
1608,16-09-2022,4921.33,738.2,4183.13,UPI,4
1609,17-09-2022,572.03,28.6,543.43,Credit Card,6
1610,17-09-2022,4553.21,0,4553.21,UPI,5
1611,18-09-2022,2814.87,281.49,2533.38,UPI,4
1612,18-09-2022,3162.19,316.22,2845.97,UPI,5
1613,18-09-2022,2493.09,0,2493.09,Debit Card,4
1614,19-09-2022,3605.95,360.6,3245.35,Cash on Delivery,5
1615,19-09-2022,969.52,48.48,921.04,Debit Card,2
1616,19-09-2022,2061.63,103.08,1958.55,Debit Card,2
1617,19-09-2022,3078.58,461.79,2616.79,UPI,5
1618,20-09-2022,3695.73,184.79,3510.94,UPI,4
1619,20-09-2022,1979.73,98.99,1880.74,Debit Card,4
1620,21-09-2022,3616.08,361.61,3254.47,Cash on Delivery,4
1621,21-09-2022,1225.85,183.88,1041.97,Cash on Delivery,5
1622,21-09-2022,3782.7,567.4,3215.3,UPI,4
1623,22-09-2022,1377.9,275.58,1102.32,Credit Card,2
1624,22-09-2022,1995.85,199.59,1796.26,Credit Card,3
1625,23-09-2022,1382.63,207.39,1175.24,UPI,4
1626,23-09-2022,3271.14,0,3271.14,UPI,3
1627,24-09-2022,2365.97,0,2365.97,Net Banking,4
1628,24-09-2022,3254.45,488.17,2766.28,Credit Card,6
1629,24-09-2022,4269.16,426.92,3842.24,Net Banking,1
1630,25-09-2022,2776.18,277.62,2498.56,Net Banking,1
1631,26-09-2022,4389.38,219.47,4169.91,Credit Card,6
1632,27-09-2022,3460.22,346.02,3114.2,Net Banking,5
1633,27-09-2022,3682.21,184.11,3498.1,UPI,2
1634,27-09-2022,4576.97,0,4576.97,UPI,5
1635,27-09-2022,1941.37,388.27,1553.1,Credit Card,6
1636,28-09-2022,5264.37,1052.87,4211.5,Cash on Delivery,6
1637,28-09-2022,4585.15,229.26,4355.89,Cash on Delivery,4
1638,29-09-2022,5097.91,509.79,4588.12,Net Banking,2
1639,29-09-2022,4022.06,201.1,3820.96,Credit Card,6
1640,29-09-2022,2144.38,107.22,2037.16,Net Banking,6
1641,29-09-2022,2493.87,124.69,2369.18,UPI,3
1642,30-09-2022,923.81,0,923.81,Debit Card,6
1643,30-09-2022,1927.22,192.72,1734.5,Debit Card,4
1644,01-10-2022,2564.64,0,2564.64,Net Banking,6
1645,01-10-2022,1194.88,179.23,1015.65,UPI,6
1646,01-10-2022,2745.6,0,2745.6,Net Banking,4
1647,02-10-2022,1889.33,188.93,1700.4,Debit Card,3
1648,02-10-2022,2625.87,525.17,2100.7,Credit Card,4
1649,02-10-2022,5261.58,0,5261.58,Credit Card,6
1650,02-10-2022,5235.76,785.36,4450.4,Credit Card,2
1651,03-10-2022,3231.52,0,3231.52,Cash on Delivery,4
1652,03-10-2022,1833.56,91.68,1741.88,Cash on Delivery,3
1653,03-10-2022,1580.02,158,1422.02,Credit Card,3
1654,03-10-2022,2114.78,211.48,1903.3,UPI,6
1655,03-10-2022,1618.32,242.75,1375.57,UPI,6
1656,04-10-2022,4484.59,0,4484.59,Credit Card,4
1657,04-10-2022,1105.94,221.19,884.75,Credit Card,6
1658,04-10-2022,3253.64,0,3253.64,UPI,1
1659,05-10-2022,6430.71,964.61,5466.1,UPI,4
1660,05-10-2022,1064.35,159.65,904.7,Credit Card,1
1661,05-10-2022,1253.73,125.37,1128.36,Cash on Delivery,2
1662,06-10-2022,5765.81,288.29,5477.52,Credit Card,5
1663,06-10-2022,699.58,34.98,664.6,Debit Card,6
1664,07-10-2022,1896.37,94.82,1801.55,Cash on Delivery,5
1665,07-10-2022,4666.41,233.32,4433.09,Credit Card,1
1666,07-10-2022,1469.08,0,1469.08,UPI,4
1667,07-10-2022,2706.48,405.97,2300.51,Debit Card,2
1668,07-10-2022,2099.55,0,2099.55,Credit Card,5
1669,08-10-2022,5206.97,0,5206.97,Net Banking,6
1670,08-10-2022,5773.59,288.68,5484.91,UPI,5
1671,09-10-2022,1753.58,263.04,1490.54,Debit Card,1
1672,09-10-2022,5235.24,261.76,4973.48,UPI,1
1673,10-10-2022,1065.42,0,1065.42,Cash on Delivery,3
1674,10-10-2022,1422.1,284.42,1137.68,Debit Card,5
1675,10-10-2022,4645.21,696.78,3948.43,Cash on Delivery,1
1676,11-10-2022,747.63,0,747.63,Credit Card,2
1677,11-10-2022,882.99,0,882.99,Cash on Delivery,4
1678,11-10-2022,3613.67,722.73,2890.94,Net Banking,4
1679,11-10-2022,4755.59,0,4755.59,UPI,5
1680,11-10-2022,4253.88,425.39,3828.49,Credit Card,1
1681,12-10-2022,5377.15,1075.43,4301.72,Debit Card,5
1682,12-10-2022,4360.62,0,4360.62,Debit Card,4
1683,12-10-2022,4920.26,246.01,4674.25,Credit Card,1
1684,13-10-2022,6059.07,0,6059.07,Debit Card,5
1685,13-10-2022,971.92,48.6,923.32,Credit Card,6
1686,13-10-2022,1452.69,0,1452.69,Credit Card,3
1687,14-10-2022,4866.48,243.32,4623.16,Debit Card,6
1688,15-10-2022,5219.58,521.96,4697.62,UPI,1
1689,15-10-2022,5162.87,0,5162.87,Debit Card,4
1690,15-10-2022,2241.09,0,2241.09,Credit Card,5
1691,16-10-2022,3638.07,0,3638.07,UPI,5
1692,16-10-2022,1626.26,81.31,1544.95,Credit Card,1
1693,17-10-2022,5881.47,0,5881.47,Credit Card,5
1694,17-10-2022,665.03,0,665.03,Credit Card,4
1695,18-10-2022,1696.92,0,1696.92,UPI,6
1696,18-10-2022,4982.9,747.43,4235.47,Credit Card,2
1697,19-10-2022,3085.1,308.51,2776.59,Credit Card,1
1698,19-10-2022,3993.49,0,3993.49,UPI,1
1699,19-10-2022,1699.16,339.83,1359.33,Cash on Delivery,4
1700,19-10-2022,1053.22,157.98,895.24,Net Banking,3
1701,19-10-2022,2564.71,512.94,2051.77,Debit Card,3
1702,20-10-2022,2427.87,485.57,1942.3,Credit Card,3
1703,20-10-2022,4111.39,616.71,3494.68,Cash on Delivery,2
1704,20-10-2022,4934.91,986.98,3947.93,Net Banking,2
1705,20-10-2022,1530.81,229.62,1301.19,Credit Card,5
1706,21-10-2022,2676.58,0,2676.58,Cash on Delivery,1
1707,21-10-2022,5089.74,763.46,4326.28,Net Banking,6
1708,21-10-2022,2448.94,122.45,2326.49,UPI,2
1709,21-10-2022,3105.92,0,3105.92,Cash on Delivery,2
1710,21-10-2022,4813.17,0,4813.17,Credit Card,2
1711,22-10-2022,4749.95,475,4274.95,Debit Card,6
1712,22-10-2022,1146.68,0,1146.68,UPI,6
1713,22-10-2022,5446.78,0,5446.78,UPI,1
1714,22-10-2022,3194.65,159.73,3034.92,Credit Card,3
1715,22-10-2022,5627.85,844.18,4783.67,UPI,6
1716,23-10-2022,2558.57,383.79,2174.78,Credit Card,1
1717,23-10-2022,6169.79,308.49,5861.3,Net Banking,5
1718,23-10-2022,1287.49,0,1287.49,Credit Card,4
1719,24-10-2022,2745.98,137.3,2608.68,Debit Card,4
1720,24-10-2022,2200.3,0,2200.3,Credit Card,6
1721,24-10-2022,2429.66,485.93,1943.73,Credit Card,3
1722,25-10-2022,1517.69,75.88,1441.81,Cash on Delivery,4
1723,25-10-2022,3653.74,365.37,3288.37,Credit Card,2
1724,25-10-2022,831.83,124.77,707.06,Net Banking,5
1725,25-10-2022,5026.26,251.31,4774.95,Credit Card,1
1726,26-10-2022,719.95,36,683.95,Credit Card,4
1727,26-10-2022,2827.6,0,2827.6,UPI,3
1728,26-10-2022,6016.96,0,6016.96,Credit Card,1
1729,26-10-2022,1806.84,271.03,1535.81,Net Banking,1
1730,27-10-2022,5944.71,594.47,5350.24,Credit Card,4
1731,27-10-2022,946.23,189.25,756.98,Debit Card,6
1732,27-10-2022,2960.74,0,2960.74,Debit Card,4
1733,28-10-2022,1744.83,174.48,1570.35,Debit Card,2
1734,28-10-2022,852.7,170.54,682.16,UPI,6
1735,28-10-2022,2376.37,356.46,2019.91,Cash on Delivery,4
1736,28-10-2022,1006.73,100.67,906.06,Debit Card,4
1737,29-10-2022,1816.83,363.37,1453.46,Credit Card,5
1738,29-10-2022,5299.85,794.98,4504.87,Net Banking,3
1739,29-10-2022,3456.15,518.42,2937.73,Debit Card,5
1740,29-10-2022,3589,538.35,3050.65,Credit Card,1
1741,30-10-2022,5890.22,589.02,5301.2,Credit Card,4
1742,30-10-2022,3747.18,749.44,2997.74,Cash on Delivery,2
1743,30-10-2022,1235.79,61.79,1174,Credit Card,6
1744,31-10-2022,977.07,48.85,928.22,UPI,4
1745,31-10-2022,2725.61,136.28,2589.33,Credit Card,5
1746,31-10-2022,2510.33,251.03,2259.3,Cash on Delivery,1
1747,31-10-2022,4765.2,476.52,4288.68,Cash on Delivery,5
1748,01-11-2022,6397.7,959.65,5438.05,UPI,2
1749,01-11-2022,4060.45,0,4060.45,Credit Card,5
1750,01-11-2022,2226.96,445.39,1781.57,UPI,3
1751,01-11-2022,6945.8,347.29,6598.51,Net Banking,3
1752,01-11-2022,5589.33,558.93,5030.4,Credit Card,2
1753,01-11-2022,4709.61,235.48,4474.13,Net Banking,5
1754,02-11-2022,6559.52,0,6559.52,Debit Card,6
1755,02-11-2022,3420.27,0,3420.27,Debit Card,3
1756,02-11-2022,1671.05,83.55,1587.5,UPI,4
1757,02-11-2022,6094.94,914.24,5180.7,UPI,2
1758,02-11-2022,5523.48,1104.7,4418.78,UPI,5
1759,02-11-2022,6062.19,303.11,5759.08,UPI,2
1760,03-11-2022,2737.99,136.9,2601.09,UPI,6
1761,03-11-2022,7153.71,1073.06,6080.65,Net Banking,5
1762,03-11-2022,968.58,193.72,774.86,Debit Card,5
1763,04-11-2022,2241.04,448.21,1792.83,Credit Card,4
1764,04-11-2022,1699.34,0,1699.34,Credit Card,3
1765,04-11-2022,1883.24,0,1883.24,Net Banking,6
1766,04-11-2022,5063.94,506.39,4557.55,Debit Card,3
1767,04-11-2022,2165.37,0,2165.37,Debit Card,1
1768,05-11-2022,3707.99,556.2,3151.79,Cash on Delivery,4
1769,05-11-2022,4078.3,611.75,3466.55,Debit Card,4
1770,05-11-2022,1434.64,215.2,1219.44,Net Banking,5
1771,05-11-2022,5144.04,257.2,4886.84,Credit Card,1
1772,06-11-2022,6144.56,0,6144.56,Debit Card,3
1773,06-11-2022,2512.61,0,2512.61,Credit Card,2
1774,06-11-2022,6743.54,337.18,6406.36,UPI,5
1775,06-11-2022,7107.38,0,7107.38,Debit Card,5
1776,07-11-2022,3661.43,183.07,3478.36,UPI,4
1777,07-11-2022,1810.45,0,1810.45,Debit Card,2
1778,07-11-2022,3512.64,702.53,2810.11,UPI,6
1779,07-11-2022,4395.85,439.59,3956.26,Debit Card,1
1780,07-11-2022,1085.04,217.01,868.03,UPI,4
1781,08-11-2022,1786.73,178.67,1608.06,Credit Card,1
1782,08-11-2022,2738.21,547.64,2190.57,UPI,1
1783,08-11-2022,923.72,46.19,877.53,UPI,1
1784,09-11-2022,6047.92,907.19,5140.73,UPI,6
1785,09-11-2022,2538.78,507.76,2031.02,Debit Card,3
1786,09-11-2022,6727.08,672.71,6054.37,Credit Card,1
1787,10-11-2022,2527.25,379.09,2148.16,Credit Card,3
1788,10-11-2022,4558.66,227.93,4330.73,UPI,6
1789,10-11-2022,1402.74,140.27,1262.47,Net Banking,4
1790,10-11-2022,7302.26,1460.45,5841.81,Credit Card,1
1791,11-11-2022,3575.77,715.15,2860.62,UPI,4
1792,11-11-2022,4615.82,230.79,4385.03,UPI,1
1793,11-11-2022,3414.93,0,3414.93,UPI,5
1794,11-11-2022,6153.04,1230.61,4922.43,Credit Card,4
1795,11-11-2022,1916.93,95.85,1821.08,Cash on Delivery,2
1796,12-11-2022,1601.76,240.26,1361.5,Credit Card,6
1797,12-11-2022,3688.9,184.45,3504.45,Net Banking,3
1798,13-11-2022,6199.57,0,6199.57,Debit Card,4
1799,13-11-2022,4476.37,447.64,4028.73,UPI,1
1800,13-11-2022,6059.22,1211.84,4847.38,UPI,4
1801,14-11-2022,1509.5,75.48,1434.02,Credit Card,5
1802,14-11-2022,4683.07,0,4683.07,Cash on Delivery,5
1803,14-11-2022,6011.93,601.19,5410.74,Net Banking,3
1804,14-11-2022,6675.78,667.58,6008.2,Debit Card,4
1805,14-11-2022,4611.16,691.67,3919.49,Credit Card,3
1806,14-11-2022,3470.07,694.01,2776.06,UPI,6
1807,15-11-2022,6682.96,334.15,6348.81,Credit Card,4
1808,15-11-2022,6965.64,696.56,6269.08,Credit Card,3
1809,15-11-2022,2848.91,427.34,2421.57,Net Banking,6
1810,16-11-2022,1412.97,70.65,1342.32,Credit Card,6
1811,16-11-2022,3741,374.1,3366.9,Credit Card,4
1812,16-11-2022,4833.61,0,4833.61,Credit Card,2
1813,16-11-2022,6915.67,1037.35,5878.32,UPI,5
1814,16-11-2022,6603.53,0,6603.53,UPI,2
1815,17-11-2022,3472.85,694.57,2778.28,Net Banking,1
1816,17-11-2022,1922.73,96.14,1826.59,Net Banking,2
1817,17-11-2022,973.23,0,973.23,Cash on Delivery,6
1818,17-11-2022,2093.99,209.4,1884.59,Net Banking,5
1819,17-11-2022,3429.36,0,3429.36,UPI,2
1820,17-11-2022,3264.15,652.83,2611.32,Debit Card,4
1821,18-11-2022,4711.44,471.14,4240.3,Debit Card,3
1822,18-11-2022,5805.49,0,5805.49,Debit Card,4
1823,18-11-2022,1085.14,217.03,868.11,Net Banking,2
1824,18-11-2022,6535.5,326.78,6208.72,UPI,3
1825,18-11-2022,5148.21,1029.64,4118.57,Credit Card,6
1826,19-11-2022,5119.76,1023.95,4095.81,Net Banking,2
1827,19-11-2022,2453.64,245.36,2208.28,UPI,6
1828,19-11-2022,5088.5,763.27,4325.23,Cash on Delivery,3
1829,19-11-2022,3848.24,192.41,3655.83,UPI,6
1830,19-11-2022,4264.31,852.86,3411.45,Debit Card,1
1831,19-11-2022,799.6,79.96,719.64,UPI,5
1832,19-11-2022,4861.09,486.11,4374.98,UPI,4
1833,20-11-2022,1180.9,118.09,1062.81,UPI,3
1834,20-11-2022,2512.74,251.27,2261.47,Credit Card,5
1835,20-11-2022,5916.95,0,5916.95,Net Banking,5
1836,20-11-2022,3477.66,347.77,3129.89,UPI,6
1837,21-11-2022,2745.33,411.8,2333.53,Debit Card,6
1838,21-11-2022,988.4,197.68,790.72,Net Banking,3
1839,21-11-2022,5654.21,282.71,5371.5,UPI,6
1840,21-11-2022,6048.06,604.81,5443.25,UPI,2
1841,21-11-2022,6424.31,1284.86,5139.45,Credit Card,1
1842,22-11-2022,3927.77,392.78,3534.99,UPI,5
1843,22-11-2022,5899.7,294.99,5604.71,Cash on Delivery,3
1844,22-11-2022,5167.43,258.37,4909.06,Debit Card,6
1845,22-11-2022,6632.17,994.83,5637.34,Net Banking,3
1846,23-11-2022,3880.38,0,3880.38,UPI,6
1847,23-11-2022,4689.13,937.83,3751.3,Credit Card,2
1848,23-11-2022,4128.22,619.23,3508.99,UPI,4
1849,24-11-2022,1114.92,55.75,1059.17,Credit Card,2
1850,24-11-2022,3063.02,612.6,2450.42,Cash on Delivery,4
1851,24-11-2022,1716.76,85.84,1630.92,Net Banking,4
1852,24-11-2022,2995.25,149.76,2845.49,Debit Card,1
1853,24-11-2022,781.82,78.18,703.64,Credit Card,2
1854,25-11-2022,6050.17,0,6050.17,Credit Card,4
1855,25-11-2022,5026.04,753.91,4272.13,Debit Card,4
1856,25-11-2022,3337.39,0,3337.39,UPI,6
1857,26-11-2022,3268.43,0,3268.43,Cash on Delivery,5
1858,26-11-2022,2036.39,0,2036.39,UPI,2
1859,26-11-2022,2277.29,227.73,2049.56,Debit Card,1
1860,26-11-2022,3338.97,667.79,2671.18,Debit Card,1
1861,27-11-2022,2713.09,542.62,2170.47,UPI,3
1862,27-11-2022,3677.24,183.86,3493.38,Debit Card,4
1863,27-11-2022,3174.94,158.75,3016.19,Credit Card,4
1864,27-11-2022,879.09,43.95,835.14,UPI,2
1865,28-11-2022,2175.53,0,2175.53,UPI,2
1866,28-11-2022,1581.34,0,1581.34,Debit Card,6
1867,28-11-2022,2476.58,495.32,1981.26,UPI,5
1868,29-11-2022,5161.58,0,5161.58,Credit Card,1
1869,29-11-2022,3563.24,534.49,3028.75,Credit Card,3
1870,29-11-2022,3952.18,197.61,3754.57,Credit Card,6
1871,29-11-2022,5004.6,500.46,4504.14,Debit Card,1
1872,29-11-2022,5221.76,522.18,4699.58,UPI,6
1873,29-11-2022,1675.85,0,1675.85,UPI,5
1874,30-11-2022,1544.71,0,1544.71,Net Banking,4
1875,30-11-2022,2090.86,104.54,1986.32,Net Banking,5
1876,30-11-2022,7318.56,731.86,6586.7,UPI,3
1877,30-11-2022,1832.52,366.5,1466.02,UPI,2
1878,01-12-2022,2488.44,0,2488.44,UPI,1
1879,01-12-2022,6813.67,1022.05,5791.62,Credit Card,1
1880,01-12-2022,6412.59,0,6412.59,UPI,1
1881,01-12-2022,7314.41,365.72,6948.69,Debit Card,3
1882,02-12-2022,2701.7,0,2701.7,Credit Card,2
1883,02-12-2022,7093.81,709.38,6384.43,Debit Card,6
1884,02-12-2022,3051.49,0,3051.49,Credit Card,1
1885,03-12-2022,5459.83,545.98,4913.85,Debit Card,4
1886,03-12-2022,7676.64,767.66,6908.98,Net Banking,1
1887,03-12-2022,3482.88,348.29,3134.59,Credit Card,4
1888,03-12-2022,3681.8,552.27,3129.53,Credit Card,4
1889,03-12-2022,5767.3,865.1,4902.2,Net Banking,6
1890,04-12-2022,7180.09,359,6821.09,Credit Card,6
1891,04-12-2022,6030.16,301.51,5728.65,Credit Card,5
1892,04-12-2022,4275.26,855.05,3420.21,UPI,2
1893,04-12-2022,5201.53,520.15,4681.38,UPI,6
1894,05-12-2022,7220.69,1083.1,6137.59,Cash on Delivery,1
1895,05-12-2022,7190.68,1078.6,6112.08,Credit Card,3
1896,05-12-2022,5515.81,0,5515.81,UPI,6
1897,05-12-2022,4578.69,915.74,3662.95,UPI,2
1898,05-12-2022,7840.85,784.09,7056.76,UPI,6
1899,05-12-2022,5844.18,0,5844.18,Debit Card,6
1900,06-12-2022,2589.75,258.98,2330.77,UPI,6
1901,06-12-2022,3571.11,714.22,2856.89,Cash on Delivery,5
1902,06-12-2022,1192.88,59.64,1133.24,UPI,4
1903,07-12-2022,1339.03,200.85,1138.18,Debit Card,3
1904,07-12-2022,7785.04,0,7785.04,UPI,5
1905,07-12-2022,5431.88,814.78,4617.1,Net Banking,1
1906,07-12-2022,4105.48,821.1,3284.38,Debit Card,4
1907,07-12-2022,4018.89,0,4018.89,Cash on Delivery,6
1908,07-12-2022,5504.29,0,5504.29,Debit Card,1
1909,08-12-2022,4811.34,0,4811.34,Net Banking,5
1910,08-12-2022,7734.83,773.48,6961.35,Cash on Delivery,5
1911,09-12-2022,7642.56,764.26,6878.3,Net Banking,2
1912,09-12-2022,6879.09,687.91,6191.18,UPI,5
1913,09-12-2022,5119.65,511.96,4607.69,UPI,1
1914,09-12-2022,1501.55,75.08,1426.47,Credit Card,3
1915,09-12-2022,6775.16,677.52,6097.64,UPI,3
1916,10-12-2022,5855.09,0,5855.09,Cash on Delivery,4
1917,10-12-2022,1811.23,271.68,1539.55,Credit Card,5
1918,10-12-2022,2210.63,0,2210.63,Cash on Delivery,4
1919,10-12-2022,2352.24,117.61,2234.63,UPI,1
1920,10-12-2022,6251.48,0,6251.48,Cash on Delivery,6
1921,10-12-2022,5039.44,755.92,4283.52,Debit Card,5
1922,11-12-2022,4391.57,878.31,3513.26,UPI,5
1923,11-12-2022,7534.22,1506.84,6027.38,UPI,5
1924,11-12-2022,6423.79,321.19,6102.6,UPI,2
1925,11-12-2022,6059.56,302.98,5756.58,Credit Card,6
1926,11-12-2022,5123.93,512.39,4611.54,UPI,4
1927,12-12-2022,3814.39,762.88,3051.51,Cash on Delivery,2
1928,12-12-2022,2769.89,276.99,2492.9,Cash on Delivery,4
1929,12-12-2022,6594.54,329.73,6264.81,Debit Card,6
1930,12-12-2022,7182.35,1436.47,5745.88,Debit Card,6
1931,13-12-2022,6105.09,1221.02,4884.07,UPI,2
1932,13-12-2022,2309.93,230.99,2078.94,UPI,6
1933,13-12-2022,1755.24,87.76,1667.48,UPI,6
1934,14-12-2022,5385.52,0,5385.52,Net Banking,5
1935,14-12-2022,4258.66,851.73,3406.93,Cash on Delivery,6
1936,14-12-2022,3805.84,761.17,3044.67,Debit Card,4
1937,14-12-2022,6619.79,1323.96,5295.83,Credit Card,4
1938,15-12-2022,2239.3,111.97,2127.33,Cash on Delivery,6
1939,15-12-2022,2604.04,0,2604.04,UPI,3
1940,15-12-2022,2268.81,453.76,1815.05,Credit Card,4
1941,15-12-2022,1537.86,307.57,1230.29,Net Banking,6
1942,15-12-2022,5459.26,818.89,4640.37,Credit Card,6
1943,16-12-2022,2871,0,2871,Cash on Delivery,4
1944,16-12-2022,3799.28,379.93,3419.35,Cash on Delivery,1
1945,16-12-2022,893.35,89.34,804.01,Credit Card,4
1946,16-12-2022,6775.88,677.59,6098.29,UPI,5
1947,16-12-2022,6116.84,305.84,5811,Net Banking,2
1948,16-12-2022,2918.08,145.9,2772.18,Cash on Delivery,1
1949,17-12-2022,4499.7,674.95,3824.75,Credit Card,3
1950,17-12-2022,4807.51,240.38,4567.13,Credit Card,3
1951,17-12-2022,840.64,126.1,714.54,UPI,2
1952,17-12-2022,1087.57,108.76,978.81,UPI,6
1953,17-12-2022,5232.38,523.24,4709.14,UPI,5
1954,18-12-2022,4761.15,0,4761.15,Net Banking,3
1955,18-12-2022,4582.84,229.14,4353.7,UPI,5
1956,18-12-2022,1947.47,389.49,1557.98,UPI,1
1957,18-12-2022,3315.7,165.78,3149.92,UPI,3
1958,18-12-2022,3397.74,169.89,3227.85,Cash on Delivery,5
1959,19-12-2022,6730.56,0,6730.56,Credit Card,3
1960,20-12-2022,4008.8,801.76,3207.04,Cash on Delivery,2
1961,20-12-2022,7704.06,770.41,6933.65,Debit Card,1
1962,20-12-2022,3578.31,715.66,2862.65,UPI,1
1963,20-12-2022,7361.62,736.16,6625.46,UPI,5
1964,21-12-2022,7267.63,363.38,6904.25,Debit Card,1
1965,21-12-2022,7627.13,381.36,7245.77,Cash on Delivery,5
1966,21-12-2022,4639.08,0,4639.08,Credit Card,6
1967,21-12-2022,6369.79,955.47,5414.32,Net Banking,2
1968,22-12-2022,4671.83,700.77,3971.06,UPI,1
1969,22-12-2022,6177.61,308.88,5868.73,Credit Card,6
1970,22-12-2022,3188.35,0,3188.35,Credit Card,2
1971,22-12-2022,6518.35,1303.67,5214.68,Credit Card,2
1972,23-12-2022,4048.1,607.21,3440.89,Debit Card,1
1973,23-12-2022,3604.41,0,3604.41,UPI,6
1974,23-12-2022,5986.06,0,5986.06,UPI,5
1975,23-12-2022,1127.72,0,1127.72,Debit Card,5
1976,23-12-2022,1564.18,156.42,1407.76,UPI,3
1977,24-12-2022,6309.97,946.5,5363.47,Debit Card,6
1978,24-12-2022,1021.9,51.09,970.81,UPI,2
1979,24-12-2022,6176.63,1235.33,4941.3,Debit Card,6
1980,24-12-2022,1837.34,183.73,1653.61,Cash on Delivery,1
1981,25-12-2022,1687.29,0,1687.29,UPI,4
1982,25-12-2022,4667.49,0,4667.49,Debit Card,6
1983,25-12-2022,6138.3,613.83,5524.47,Credit Card,6
1984,26-12-2022,6930.5,346.53,6583.97,Credit Card,2
1985,26-12-2022,5241.57,524.16,4717.41,Credit Card,2
1986,26-12-2022,5631.04,1126.21,4504.83,Net Banking,5
1987,26-12-2022,4121.11,824.22,3296.89,Credit Card,6
1988,27-12-2022,6024.24,903.64,5120.6,Cash on Delivery,3
1989,27-12-2022,1723.15,86.16,1636.99,Credit Card,5
1990,27-12-2022,1302.62,65.13,1237.49,Debit Card,4
1991,27-12-2022,3164.09,316.41,2847.68,UPI,2
1992,27-12-2022,4871.97,487.2,4384.77,Net Banking,4
1993,28-12-2022,2014.2,201.42,1812.78,Credit Card,2
1994,28-12-2022,5927.83,889.17,5038.66,Credit Card,3
1995,28-12-2022,1767,176.7,1590.3,Net Banking,4
1996,28-12-2022,4006.58,400.66,3605.92,UPI,1
1997,28-12-2022,2065.55,413.11,1652.44,Credit Card,3
1998,29-12-2022,4678.05,467.81,4210.24,UPI,6
1999,29-12-2022,1350.53,0,1350.53,Cash on Delivery,5
2000,29-12-2022,5347.71,1069.54,4278.17,UPI,5
2001,29-12-2022,2331.88,0,2331.88,UPI,5
2002,29-12-2022,7236.7,1447.34,5789.36,UPI,2
2003,30-12-2022,3433.89,171.69,3262.2,Cash on Delivery,5
2004,30-12-2022,6079.23,607.92,5471.31,Credit Card,5
2005,30-12-2022,4474.97,671.25,3803.72,Debit Card,1
2006,30-12-2022,5571.29,1114.26,4457.03,UPI,5
2007,31-12-2022,4877.77,975.55,3902.22,UPI,2
2008,31-12-2022,6098.62,914.79,5183.83,Cash on Delivery,1
2009,31-12-2022,2375.5,356.32,2019.18,Credit Card,3
2010,31-12-2022,3459.93,0,3459.93,UPI,5
2011,31-12-2022,7335.63,733.56,6602.07,Debit Card,4
